Competition Year,Team,Team Seed,Draw,Relative Draw,Athlete Name,Delivery,Player Position,,In Turn Draws,Percent,Out-Turn Draws,Percent,Total,Total Percent,,In-Turn Hits,Percent,Out-Turn Hits,Percent,Total,Total Perent,,In-Turns,Percent,Out-Turns,Percent,Total,Overall Perent
2019,alberta,1,2,1,None,None,ALL,,7,64%,19,75%,26,72%,,14,80%,24,71%,38,74%,,21,75%,43,73%,64,73%
2019,alberta,1,4,2,None,None,ALL,,12,79%,14,77%,26,78%,,23,79%,15,78%,38,79%,,35,79%,29,78%,64,79%
2019,alberta,1,6,3,None,None,ALL,,20,76%,28,75%,48,76%,,19,83%,13,88%,32,85%,,39,79%,41,79%,80,79%
2019,alberta,1,8,4,None,None,ALL,,13,63%,19,89%,32,79%,,20,86%,27,81%,47,83%,,33,77%,46,84%,79,81%
2019,alberta,1,9,5,None,None,ALL,,19,71%,19,75%,38,73%,,14,80%,11,82%,25,81%,,33,75%,30,78%,63,76%
2019,alberta,1,11,6,None,None,ALL,,11,77%,18,79%,29,78%,,13,90%,22,86%,35,88%,,24,84%,40,83%,64,84%
2019,alberta,1,14,7,None,None,ALL,,18,86%,23,65%,41,74%,,18,88%,27,76%,45,81%,,36,87%,50,71%,86,78%
2019,alberta,1,17,8,None,None,ALL,,17,68%,18,89%,35,79%,,20,70%,25,73%,45,72%,,37,69%,43,80%,80,75%
2019,alberta,1,18,9,None,None,ALL,,4,56%,38,57%,42,57%,,11,66%,26,80%,37,76%,,15,63%,64,66%,79,66%
2019,alberta,1,19,10,None,None,ALL,,13,71%,22,89%,35,82%,,16,83%,21,83%,37,83%,,29,78%,43,86%,72,83%
2019,alberta,1,23,11,None,None,ALL,,25,73%,26,82%,51,77%,,14,75%,14,79%,28,77%,,39,74%,40,81%,79,77%
2019,british columbia,2,2,1,None,None,ALL,,11,70%,18,83%,29,78%,,22,75%,13,81%,35,77%,,33,73%,31,82%,64,78%
2019,british columbia,2,3,2,None,None,ALL,,16,67%,22,75%,38,72%,,10,83%,15,92%,25,88%,,26,73%,37,82%,63,78%
2019,british columbia,2,6,3,None,None,ALL,,19,86%,41,66%,60,73%,,12,65%,8,63%,20,64%,,31,77%,49,66%,80,70%
2019,british columbia,2,7,4,None,None,ALL,,17,87%,28,76%,45,80%,,12,77%,22,85%,34,82%,,29,83%,50,80%,79,81%
2019,british columbia,2,9,5,None,None,ALL,,12,94%,24,84%,36,88%,,17,87%,26,88%,43,87%,,29,90%,50,86%,79,87%
2019,british columbia,2,10,6,None,None,ALL,,17,84%,30,80%,47,81%,,7,100%,26,93%,33,95%,,24,89%,56,86%,80,87%
2019,british columbia,2,14,7,None,None,ALL,,13,83%,24,68%,37,73%,,7,68%,20,71%,27,70%,,20,78%,44,69%,64,72%
2019,british columbia,2,16,8,None,None,ALL,,28,57%,24,67%,52,62%,,10,48%,16,83%,26,69%,,38,55%,40,73%,78,64%
2019,british columbia,2,17,9,None,None,ALL,,22,82%,27,80%,49,81%,,16,72%,15,65%,31,69%,,38,78%,42,74%,80,76%
2019,british columbia,2,19,10,None,None,ALL,,24,85%,12,56%,36,76%,,16,66%,12,67%,28,66%,,40,78%,24,61%,64,71%
2019,british columbia,2,20,11,None,None,ALL,,7,86%,31,73%,38,75%,,18,83%,24,92%,42,88%,,25,84%,55,81%,80,82%
2019,british columbia,2,21,12,None,None,ALL,,10,78%,20,85%,30,83%,,20,80%,30,87%,50,84%,,30,79%,50,86%,80,83%
2019,british columbia,2,23,13,None,None,ALL,,19,79%,25,81%,44,80%,,18,71%,17,69%,35,70%,,37,75%,42,76%,79,76%
2019,host team,6,3,1,None,None,ALL,,22,55%,33,69%,55,63%,,10,78%,12,73%,22,75%,,32,62%,45,70%,77,67%
2019,host team,6,4,2,None,None,ALL,,23,76%,9,69%,32,74%,,23,88%,17,62%,40,77%,,46,82%,26,64%,72,76%
2019,host team,6,6,3,None,None,ALL,,27,81%,25,86%,52,83%,,13,62%,15,67%,28,64%,,40,74%,40,79%,80,77%
2019,host team,6,8,4,None,None,ALL,,26,70%,32,88%,58,80%,,9,69%,12,79%,21,75%,,35,70%,44,85%,79,78%
2019,host team,6,9,5,None,None,ALL,,16,78%,38,75%,54,76%,,7,82%,16,77%,23,78%,,23,79%,54,75%,77,77%
2019,host team,6,11,6,None,None,ALL,,20,66%,16,64%,36,65%,,10,78%,17,76%,27,77%,,30,70%,33,70%,63,70%
2019,host team,6,14,7,None,None,ALL,,17,75%,23,86%,40,81%,,15,80%,25,79%,40,79%,,32,77%,48,82%,80,80%
2019,host team,6,17,8,None,None,ALL,,14,43%,25,82%,39,68%,,16,73%,17,78%,33,76%,,30,59%,42,80%,72,72%
2019,host team,6,18,9,None,None,ALL,,12,71%,29,78%,41,76%,,18,86%,19,67%,37,76%,,30,80%,48,73%,78,76%
2019,manitoba,1,2,1,None,None,ALL,,12,85%,23,65%,35,72%,,16,70%,23,79%,39,76%,,28,77%,46,72%,74,74%
2019,manitoba,1,3,2,None,None,ALL,,33,83%,16,75%,49,80%,,11,77%,12,71%,23,74%,,44,81%,28,73%,72,78%
2019,manitoba,1,5,3,None,None,ALL,,28,70%,15,73%,43,71%,,12,67%,24,76%,36,73%,,40,69%,39,75%,79,72%
2019,manitoba,1,8,4,None,None,ALL,,20,80%,15,77%,35,79%,,13,77%,15,82%,28,79%,,33,79%,30,79%,63,79%
2019,manitoba,1,10,5,None,None,ALL,,9,89%,26,84%,35,85%,,15,83%,14,77%,29,80%,,24,85%,40,81%,64,83%
2019,manitoba,1,12,6,None,None,ALL,,13,67%,19,63%,32,65%,,20,69%,28,79%,48,74%,,33,68%,47,72%,80,71%
2019,manitoba,1,14,7,None,None,ALL,,21,70%,31,65%,52,67%,,6,42%,6,75%,12,58%,,27,64%,37,67%,64,66%
2019,manitoba,1,17,8,None,None,ALL,,19,74%,23,72%,42,73%,,20,71%,18,82%,38,76%,,39,72%,41,76%,80,74%
2019,manitoba,1,18,9,None,None,ALL,,26,74%,20,83%,46,78%,,18,78%,16,78%,34,78%,,44,76%,36,81%,80,78%
2019,manitoba,1,19,10,None,None,ALL,,17,79%,19,87%,36,83%,,15,85%,12,77%,27,81%,,32,82%,31,83%,63,83%
2019,new brunswick,4,1,1,None,None,ALL,,19,76%,21,70%,40,73%,,14,73%,10,83%,24,77%,,33,75%,31,74%,64,75%
2019,new brunswick,4,2,2,None,None,ALL,,15,57%,25,71%,40,66%,,10,58%,22,78%,32,72%,,25,57%,47,74%,72,68%
2019,new brunswick,4,5,3,None,None,ALL,,15,85%,15,67%,30,76%,,15,78%,19,76%,34,77%,,30,82%,34,72%,64,77%
2019,new brunswick,4,8,4,None,None,ALL,,16,78%,21,71%,37,74%,,15,75%,28,84%,43,81%,,31,77%,49,79%,80,78%
2019,new brunswick,4,11,5,None,None,ALL,,34,80%,18,89%,52,83%,,12,44%,14,82%,26,64%,,46,71%,32,86%,78,77%
2019,new brunswick,4,12,6,None,None,ALL,,18,57%,25,84%,43,73%,,17,72%,20,76%,37,74%,,35,64%,45,81%,80,73%
2019,new brunswick,4,15,7,None,None,ALL,,15,67%,19,68%,34,68%,,11,50%,19,84%,30,72%,,26,60%,38,76%,64,70%
2019,new brunswick,4,17,8,None,None,ALL,,29,77%,24,73%,53,75%,,7,61%,12,75%,19,70%,,36,74%,36,74%,72,74%
2019,new brunswick,4,18,9,None,None,ALL,,8,81%,37,70%,45,72%,,17,81%,18,58%,35,69%,,25,81%,55,66%,80,71%
2019,new brunswick,4,19,10,None,None,ALL,,16,78%,23,78%,39,78%,,13,75%,12,77%,25,76%,,29,77%,35,78%,64,77%
2019,newfoundland and labrador,5,2,1,None,None,ALL,,12,83%,25,84%,37,84%,,20,71%,15,72%,35,71%,,32,76%,40,79%,72,78%
2019,newfoundland and labrador,5,3,2,None,None,ALL,,15,68%,26,74%,41,72%,,14,73%,13,71%,27,72%,,29,71%,39,73%,68,72%
2019,newfoundland and labrador,5,5,3,None,None,ALL,,22,76%,27,81%,49,79%,,14,73%,16,69%,30,71%,,36,75%,43,76%,79,76%
2019,newfoundland and labrador,5,8,4,None,None,ALL,,17,69%,25,71%,42,70%,,20,76%,18,81%,38,78%,,37,73%,43,75%,80,74%
2019,newfoundland and labrador,5,10,5,None,None,ALL,,25,69%,14,96%,39,79%,,21,71%,12,88%,33,77%,,46,70%,26,92%,72,78%
2019,newfoundland and labrador,5,11,6,None,None,ALL,,10,73%,34,89%,44,85%,,23,78%,12,88%,35,81%,,33,77%,46,89%,79,84%
2019,newfoundland and labrador,5,14,7,None,None,ALL,,16,67%,18,75%,34,71%,,24,86%,22,78%,46,83%,,40,79%,40,77%,80,78%
2019,newfoundland and labrador,5,16,8,None,None,ALL,,15,53%,16,80%,31,67%,,17,60%,16,91%,33,75%,,32,57%,32,85%,64,71%
2019,newfoundland and labrador,5,17,9,None,None,ALL,,17,81%,13,75%,30,78%,,33,77%,17,81%,50,79%,,50,79%,30,78%,80,78%
2019,northern ontario,4,2,1,None,None,ALL,,20,65%,30,58%,50,61%,,6,54%,8,72%,14,64%,,26,63%,38,61%,64,62%
2019,northern ontario,4,4,2,None,None,ALL,,20,78%,10,90%,30,82%,,27,81%,15,77%,42,79%,,47,79%,25,82%,72,80%
2019,northern ontario,4,5,3,None,None,ALL,,11,86%,11,84%,22,85%,,19,78%,20,78%,39,78%,,30,81%,31,80%,61,80%
2019,northern ontario,4,8,4,None,None,ALL,,32,68%,18,75%,50,71%,,15,68%,14,84%,29,76%,,47,68%,32,79%,79,72%
2019,northern ontario,4,10,5,None,None,ALL,,11,61%,28,68%,39,66%,,12,85%,28,92%,40,90%,,23,74%,56,80%,79,78%
2019,northern ontario,4,12,6,None,None,ALL,,21,81%,17,91%,38,86%,,17,82%,25,86%,42,85%,,38,82%,42,88%,80,85%
2019,northern ontario,4,15,7,None,None,ALL,,8,81%,18,69%,26,73%,,16,77%,22,83%,38,80%,,24,78%,40,77%,64,77%
2019,northern ontario,4,16,8,None,None,ALL,,28,73%,6,58%,34,71%,,19,87%,25,80%,44,83%,,47,79%,31,76%,78,78%
2019,northern ontario,4,18,9,None,None,ALL,,26,71%,27,71%,53,71%,,6,75%,13,69%,19,71%,,32,72%,40,71%,72,71%
2019,northern ontario,4,19,10,None,None,ALL,,24,77%,11,64%,35,73%,,18,53%,10,88%,28,65%,,42,67%,21,75%,63,69%
2019,northwest territories,7,2,1,None,None,ALL,,27,69%,17,65%,44,68%,,20,61%,16,73%,36,67%,,47,66%,33,69%,80,67%
2019,northwest territories,7,3,2,None,None,ALL,,8,63%,9,36%,17,49%,,6,33%,9,61%,15,50%,,14,50%,18,49%,32,49%
2019,northwest territories,7,5,3,None,None,ALL,,21,68%,11,66%,32,67%,,12,44%,20,54%,32,50%,,33,59%,31,58%,64,59%
2019,northwest territories,7,8,4,None,None,ALL,,25,66%,9,44%,34,60%,,22,82%,23,91%,45,87%,,47,73%,32,78%,79,75%
2019,northwest territories,7,9,5,None,None,ALL,,21,65%,16,69%,37,67%,,16,56%,11,66%,27,60%,,37,61%,27,68%,64,64%
2019,northwest territories,7,10,6,None,None,ALL,,25,68%,20,51%,45,61%,,11,66%,16,63%,27,64%,,36,67%,36,56%,72,62%
2019,northwest territories,7,15,7,None,None,ALL,,27,61%,22,49%,49,56%,,17,57%,13,67%,30,62%,,44,60%,35,56%,79,58%
2019,northwest territories,7,16,8,None,None,ALL,,13,54%,8,75%,21,62%,,19,70%,24,55%,43,62%,,32,63%,32,60%,64,62%
2019,northwest territories,7,18,9,None,None,ALL,,17,40%,6,46%,23,41%,,29,66%,27,60%,56,63%,,46,57%,33,58%,79,57%
2019,nova scotia,3,3,1,None,None,ALL,,17,65%,28,82%,45,76%,,17,82%,16,70%,33,77%,,34,74%,44,78%,78,76%
2019,nova scotia,3,4,2,None,None,ALL,,17,79%,17,76%,34,78%,,18,75%,27,81%,45,79%,,35,77%,44,80%,79,78%
2019,nova scotia,3,7,3,None,None,ALL,,27,79%,21,85%,48,81%,,15,85%,17,87%,32,86%,,42,81%,38,86%,80,83%
2019,nova scotia,3,8,4,None,None,ALL,,23,77%,17,76%,40,77%,,27,79%,13,73%,40,77%,,50,78%,30,75%,80,77%
2019,nova scotia,3,11,5,None,None,ALL,,17,78%,24,95%,41,88%,,14,68%,9,67%,23,67%,,31,73%,33,87%,64,80%
2019,nova scotia,3,12,6,None,None,ALL,,14,70%,11,36%,25,55%,,15,90%,17,66%,32,77%,,29,80%,28,54%,57,68%
2019,nova scotia,3,15,7,None,None,ALL,,19,87%,14,70%,33,80%,,16,78%,15,73%,31,76%,,35,83%,29,72%,64,78%
2019,nova scotia,3,17,8,None,None,ALL,,28,73%,14,71%,42,73%,,10,80%,20,85%,30,83%,,38,75%,34,79%,72,77%
2019,nova scotia,3,18,9,None,None,ALL,,21,79%,22,90%,43,84%,,20,83%,17,75%,37,79%,,41,80%,39,83%,80,82%
2019,nova scotia,3,19,10,None,None,ALL,,24,80%,33,86%,57,83%,,13,58%,8,81%,21,67%,,37,72%,41,85%,78,79%
2019,nova scotia,3,21,11,None,None,ALL,,15,83%,33,89%,48,87%,,12,83%,20,89%,32,87%,,27,83%,53,89%,80,87%
2019,nunavut,7,2,1,None,None,ALL,,16,58%,24,49%,40,53%,,14,80%,8,53%,22,70%,,30,68%,32,50%,62,59%
2019,nunavut,7,4,2,None,None,ALL,,31,54%,8,53%,39,54%,,12,63%,13,63%,25,63%,,43,56%,21,60%,64,57%
2019,nunavut,7,5,3,None,None,ALL,,30,65%,22,66%,52,65%,,4,50%,6,38%,10,43%,,34,63%,28,60%,62,62%
2019,nunavut,7,7,4,None,None,ALL,,32,52%,14,61%,46,54%,,15,70%,3,67%,18,69%,,47,57%,17,62%,64,59%
2019,nunavut,7,11,5,None,None,ALL,,27,44%,8,72%,35,51%,,20,50%,6,58%,26,52%,,47,47%,14,66%,61,51%
2019,nunavut,7,12,6,None,None,ALL,,23,52%,23,49%,46,51%,,7,71%,4,75%,11,73%,,30,57%,27,53%,57,55%
2019,nunavut,7,15,7,None,None,ALL,,35,60%,16,53%,51,58%,,13,69%,15,57%,28,63%,,48,63%,31,55%,79,59%
2019,nunavut,7,16,8,None,None,ALL,,25,57%,13,38%,38,51%,,17,66%,9,58%,26,63%,,42,61%,22,47%,64,56%
2019,nunavut,7,18,9,None,None,ALL,,19,68%,21,62%,40,65%,,16,52%,8,63%,24,55%,,35,61%,29,62%,64,61%
2019,ontario,5,3,1,None,None,ALL,,22,72%,20,58%,42,65%,,14,82%,8,72%,22,78%,,36,76%,28,62%,64,70%
2019,ontario,5,4,2,None,None,ALL,,15,83%,31,84%,46,84%,,10,75%,23,73%,33,73%,,25,80%,54,79%,79,79%
2019,ontario,5,6,3,None,None,ALL,,26,73%,19,71%,45,72%,,22,74%,13,73%,35,74%,,48,73%,32,72%,80,73%
2019,ontario,5,7,4,None,None,ALL,,24,77%,12,85%,36,80%,,12,77%,16,78%,28,78%,,36,77%,28,81%,64,79%
2019,ontario,5,9,5,None,None,ALL,,17,59%,22,63%,39,61%,,18,61%,6,79%,24,66%,,35,60%,28,66%,63,63%
2019,ontario,5,12,6,None,None,ALL,,33,71%,12,85%,45,75%,,18,79%,16,72%,34,76%,,51,74%,28,78%,79,75%
2019,ontario,5,14,7,None,None,ALL,,14,63%,16,70%,30,67%,,20,81%,14,86%,34,83%,,34,74%,30,78%,64,75%
2019,ontario,5,16,8,None,None,ALL,,25,92%,15,82%,40,88%,,13,77%,11,75%,24,76%,,38,87%,26,79%,64,84%
2019,ontario,5,17,9,None,None,ALL,,37,75%,18,78%,55,76%,,15,77%,10,73%,25,75%,,52,75%,28,76%,80,76%
2019,prince edward island,6,2,1,None,None,ALL,,29,64%,21,45%,50,56%,,13,67%,9,47%,22,59%,,42,65%,30,46%,72,57%
2019,prince edward island,6,3,2,None,None,ALL,,13,67%,22,74%,35,71%,,15,55%,18,81%,33,69%,,28,61%,40,77%,68,70%
2019,prince edward island,6,5,3,None,None,ALL,,8,91%,35,83%,43,84%,,24,69%,11,73%,35,70%,,32,74%,46,80%,78,78%
2019,prince edward island,6,6,4,None,None,ALL,,8,53%,24,84%,32,77%,,18,75%,14,64%,32,70%,,26,68%,38,77%,64,73%
2019,prince edward island,6,9,5,None,None,ALL,,10,43%,28,73%,38,65%,,9,100%,17,65%,26,77%,,19,70%,45,70%,64,70%
2019,prince edward island,6,10,6,None,None,ALL,,6,75%,25,84%,31,82%,,14,68%,19,55%,33,61%,,20,70%,44,72%,64,71%
2019,prince edward island,6,14,7,None,None,ALL,,15,72%,18,76%,33,74%,,20,55%,11,70%,31,60%,,35,62%,29,74%,64,68%
2019,prince edward island,6,17,8,None,None,ALL,,14,79%,21,48%,35,60%,,20,76%,17,82%,37,79%,,34,77%,38,63%,72,70%
2019,prince edward island,6,18,9,None,None,ALL,,14,86%,9,78%,23,83%,,14,68%,27,74%,41,72%,,28,77%,36,75%,64,76%
2019,quebec,2,1,1,None,None,ALL,,13,65%,6,58%,19,63%,,31,76%,14,82%,45,78%,,44,73%,20,75%,64,73%
2019,quebec,2,3,2,None,None,ALL,,12,75%,10,73%,22,74%,,5,90%,5,80%,10,85%,,17,79%,15,75%,32,77%
2019,quebec,2,5,3,None,None,ALL,,8,88%,19,82%,27,83%,,33,85%,19,72%,52,80%,,41,85%,38,77%,79,81%
2019,quebec,2,8,4,None,None,ALL,,23,78%,15,70%,38,75%,,14,73%,12,75%,26,74%,,37,76%,27,72%,64,75%
2019,quebec,2,9,5,None,None,ALL,,14,73%,15,78%,29,76%,,23,83%,27,79%,50,81%,,37,79%,42,79%,79,79%
2019,quebec,2,11,6,None,None,ALL,,11,84%,20,80%,31,81%,,30,82%,18,81%,48,81%,,41,82%,38,80%,79,81%
2019,quebec,2,14,7,None,None,ALL,,32,84%,24,72%,56,79%,,15,67%,17,72%,32,70%,,47,79%,41,72%,88,76%
2019,quebec,2,16,8,None,None,ALL,,32,79%,16,80%,48,79%,,18,83%,13,63%,31,75%,,50,81%,29,72%,79,78%
2019,quebec,2,18,9,None,None,ALL,,26,84%,11,61%,37,77%,,15,75%,20,84%,35,80%,,41,80%,31,76%,72,78%
2019,quebec,2,19,10,None,None,ALL,,29,71%,21,62%,50,67%,,22,64%,7,46%,29,59%,,51,68%,28,58%,79,64%
2019,quebec,2,20,11,None,None,ALL,,15,88%,21,77%,36,82%,,17,74%,27,78%,44,76%,,32,80%,48,78%,80,79%
2019,saskatchewan,3,2,1,None,None,ALL,,12,83%,17,47%,29,62%,,21,80%,22,78%,43,79%,,33,81%,39,65%,72,72%
2019,saskatchewan,3,3,2,None,None,ALL,,16,80%,11,45%,27,66%,,26,77%,19,72%,45,75%,,42,78%,30,63%,72,72%
2019,saskatchewan,3,6,3,None,None,ALL,,17,78%,15,70%,32,74%,,14,93%,17,74%,31,82%,,31,85%,32,72%,63,78%
2019,saskatchewan,3,8,4,None,None,ALL,,21,75%,11,66%,32,72%,,26,82%,21,79%,47,80%,,47,79%,32,74%,79,77%
2019,saskatchewan,3,9,5,None,None,ALL,,30,75%,24,75%,54,75%,,14,75%,12,71%,26,73%,,44,75%,36,74%,80,74%
2019,saskatchewan,3,11,6,None,None,ALL,,14,75%,20,64%,34,68%,,25,79%,19,72%,44,76%,,39,78%,39,68%,78,73%
2019,saskatchewan,3,15,7,None,None,ALL,,14,79%,10,68%,24,74%,,23,83%,16,86%,39,84%,,37,81%,26,79%,63,80%
2019,saskatchewan,3,16,8,None,None,ALL,,35,63%,20,56%,55,60%,,14,75%,10,75%,24,75%,,49,66%,30,63%,79,65%
2019,saskatchewan,3,17,9,None,None,ALL,,20,65%,25,80%,45,73%,,21,74%,14,71%,35,73%,,41,70%,39,77%,80,73%
2019,saskatchewan,3,19,10,None,None,ALL,,21,76%,13,83%,34,79%,,21,64%,17,68%,38,66%,,42,70%,30,74%,72,72%
2018,alberta,3,2,1,None,None,ALL,,25,66%,31,73%,56,70%,,8,66%,14,52%,22,57%,,33,66%,45,66%,78,66%
2018,alberta,3,3,2,None,None,ALL,,14,57%,5,60%,19,58%,,26,78%,34,79%,60,79%,,40,71%,39,77%,79,74%
2018,alberta,3,5,3,None,None,ALL,,21,83%,16,83%,37,83%,,13,94%,14,80%,27,87%,,34,88%,30,82%,64,85%
2018,alberta,3,7,4,None,None,ALL,,31,85%,9,83%,40,84%,,18,78%,20,74%,38,76%,,49,82%,29,77%,78,80%
2018,alberta,3,9,5,None,None,ALL,,15,73%,13,85%,28,79%,,18,79%,25,76%,43,77%,,33,77%,38,79%,71,78%
2018,alberta,3,12,6,None,None,ALL,,32,78%,21,90%,53,83%,,7,93%,12,85%,19,88%,,39,81%,33,89%,72,84%
2018,alberta,3,15,7,None,None,ALL,,20,84%,30,78%,50,80%,,13,75%,16,75%,29,75%,,33,80%,46,77%,79,78%
2018,alberta,3,17,8,None,None,ALL,,6,100%,7,79%,13,88%,,19,88%,26,81%,45,84%,,25,91%,33,80%,58,85%
2018,alberta,3,18,9,None,None,ALL,,10,85%,12,81%,22,83%,,21,73%,21,86%,42,79%,,31,77%,33,84%,64,80%
2018,alberta,3,19,10,None,None,ALL,,15,72%,23,75%,38,74%,,16,61%,25,74%,41,69%,,31,66%,48,74%,79,71%
2018,british columbia,5,1,1,None,None,ALL,,17,57%,18,65%,35,61%,,15,68%,14,57%,29,63%,,32,63%,32,62%,64,62%
2018,british columbia,5,3,2,None,None,ALL,,26,79%,29,59%,55,69%,,16,59%,9,67%,25,62%,,42,71%,38,61%,80,67%
2018,british columbia,5,5,3,None,None,ALL,,7,61%,15,73%,22,69%,,30,83%,28,57%,58,70%,,37,78%,43,63%,80,70%
2018,british columbia,5,7,4,None,None,ALL,,14,80%,20,73%,34,76%,,13,77%,17,79%,30,78%,,27,79%,37,76%,64,77%
2018,british columbia,5,11,5,None,None,ALL,,25,62%,21,44%,46,54%,,11,80%,15,82%,26,81%,,36,67%,36,60%,72,64%
2018,british columbia,5,12,6,None,None,ALL,,24,80%,21,71%,45,76%,,15,80%,19,74%,34,76%,,39,80%,40,73%,79,76%
2018,british columbia,5,17,7,None,None,ALL,,15,77%,21,79%,36,78%,,9,89%,18,88%,27,88%,,24,81%,39,83%,63,82%
2018,british columbia,5,18,8,None,None,ALL,,24,64%,15,73%,39,67%,,23,79%,16,91%,39,84%,,47,71%,31,82%,78,76%
2018,british columbia,5,20,9,None,None,ALL,,21,74%,13,81%,34,76%,,25,83%,21,65%,46,75%,,46,79%,34,71%,80,76%
2018,manitoba,5,1,1,None,None,ALL,,16,83%,24,89%,40,86%,,7,86%,17,87%,24,86%,,23,84%,41,88%,64,86%
2018,manitoba,5,4,2,None,None,ALL,,12,79%,23,63%,35,69%,,26,73%,18,86%,44,78%,,38,75%,41,73%,79,74%
2018,manitoba,5,5,3,None,None,ALL,,24,68%,30,68%,54,68%,,13,67%,13,75%,26,71%,,37,68%,43,70%,80,69%
2018,manitoba,5,7,4,None,None,ALL,,23,66%,22,72%,45,69%,,16,72%,19,63%,35,67%,,39,69%,41,68%,80,68%
2018,manitoba,5,10,5,None,None,ALL,,17,76%,24,78%,41,77%,,10,63%,13,88%,23,77%,,27,71%,37,82%,64,77%
2018,manitoba,5,11,6,None,None,ALL,,14,84%,12,73%,26,79%,,26,80%,24,86%,50,83%,,40,81%,36,82%,76,82%
2018,manitoba,5,15,7,None,None,ALL,,23,79%,9,75%,32,78%,,13,81%,14,80%,27,81%,,36,80%,23,78%,59,79%
2018,manitoba,5,17,8,None,None,ALL,,15,58%,10,68%,25,62%,,17,66%,22,72%,39,69%,,32,63%,32,70%,64,66%
2018,manitoba,5,20,9,None,None,ALL,,39,76%,16,81%,55,78%,,18,78%,7,100%,25,84%,,57,77%,23,87%,80,80%
2018,new brunswick,2,2,1,None,None,ALL,,9,64%,23,51%,32,55%,,20,70%,25,84%,45,78%,,29,68%,48,68%,77,68%
2018,new brunswick,2,4,2,None,None,ALL,,13,79%,24,69%,37,72%,,23,82%,19,75%,42,79%,,36,81%,43,72%,79,76%
2018,new brunswick,2,6,3,None,None,ALL,,13,79%,13,85%,26,82%,,25,80%,21,71%,46,76%,,38,80%,34,76%,72,78%
2018,new brunswick,2,8,4,None,None,ALL,,19,66%,18,58%,37,62%,,22,61%,13,63%,35,62%,,41,63%,31,60%,72,62%
2018,new brunswick,2,9,5,None,None,ALL,,25,83%,21,89%,46,86%,,13,75%,5,60%,18,71%,,38,80%,26,84%,64,82%
2018,new brunswick,2,10,6,None,None,ALL,,10,68%,21,69%,31,69%,,12,88%,21,81%,33,83%,,22,78%,42,75%,64,76%
2018,new brunswick,2,14,7,None,None,ALL,,30,80%,20,80%,50,80%,,12,85%,16,88%,28,87%,,42,82%,36,83%,78,82%
2018,new brunswick,2,16,8,None,None,ALL,,25,74%,15,68%,40,72%,,13,60%,17,75%,30,68%,,38,69%,32,72%,70,70%
2018,new brunswick,2,17,9,None,None,ALL,,18,72%,7,100%,25,80%,,21,70%,18,90%,39,79%,,39,71%,25,93%,64,80%
2018,new brunswick,2,19,10,None,None,ALL,,19,76%,9,86%,28,79%,,21,80%,23,73%,44,76%,,40,78%,32,77%,72,77%
2018,new brunswick,2,21,11,None,None,ALL,,19,68%,15,77%,34,72%,,11,64%,19,80%,30,74%,,30,67%,34,79%,64,73%
2018,newfoundland and labrador,1,2,1,None,None,ALL,,21,69%,12,54%,33,64%,,25,62%,17,68%,42,64%,,46,65%,29,62%,75,64%
2018,newfoundland and labrador,1,3,2,None,None,ALL,,24,65%,8,78%,32,68%,,11,61%,20,73%,31,69%,,35,64%,28,74%,63,68%
2018,newfoundland and labrador,1,6,3,None,None,ALL,,12,92%,18,78%,30,83%,,23,65%,18,69%,41,67%,,35,74%,36,74%,71,74%
2018,newfoundland and labrador,1,8,4,None,None,ALL,,21,65%,17,85%,38,74%,,16,78%,18,75%,34,76%,,37,71%,35,80%,72,75%
2018,newfoundland and labrador,1,11,5,None,None,ALL,,30,77%,10,65%,40,74%,,21,51%,26,65%,47,59%,,51,66%,36,65%,87,66%
2018,newfoundland and labrador,1,12,6,None,None,ALL,,15,72%,17,84%,32,78%,,23,75%,25,74%,48,74%,,38,74%,42,78%,80,76%
2018,newfoundland and labrador,1,14,7,None,None,ALL,,16,67%,19,71%,35,69%,,24,75%,20,81%,44,78%,,40,72%,39,76%,79,74%
2018,newfoundland and labrador,1,16,8,None,None,ALL,,19,59%,12,56%,31,58%,,16,53%,17,72%,33,63%,,35,56%,29,66%,64,61%
2018,newfoundland and labrador,1,17,9,None,None,ALL,,28,66%,15,45%,43,59%,,9,61%,9,72%,18,67%,,37,65%,24,55%,61,61%
2018,newfoundland and labrador,1,19,10,None,None,ALL,,35,79%,14,70%,49,77%,,13,63%,10,85%,23,73%,,48,75%,24,76%,72,75%
2018,northern ontario,4,1,1,None,None,ALL,,27,74%,22,59%,49,67%,,8,72%,15,58%,23,63%,,35,74%,37,59%,72,66%
2018,northern ontario,4,3,2,None,None,ALL,,23,71%,19,59%,42,65%,,15,83%,23,86%,38,85%,,38,76%,42,74%,80,75%
2018,northern ontario,4,5,3,None,None,ALL,,26,69%,18,64%,44,67%,,8,81%,11,93%,19,88%,,34,72%,29,75%,63,73%
2018,northern ontario,4,8,4,None,None,ALL,,30,67%,15,73%,45,69%,,14,64%,13,75%,27,69%,,44,66%,28,74%,72,69%
2018,northern ontario,4,10,5,None,None,ALL,,15,67%,23,74%,38,71%,,20,74%,21,77%,41,76%,,35,71%,44,76%,79,73%
2018,northern ontario,4,12,6,None,None,ALL,,20,65%,12,85%,32,73%,,20,70%,12,92%,32,78%,,40,68%,24,89%,64,75%
2018,northern ontario,4,15,7,None,None,ALL,,22,68%,13,81%,35,73%,,19,86%,22,75%,41,80%,,41,76%,35,77%,76,77%
2018,northern ontario,4,17,8,None,None,ALL,,17,85%,12,75%,29,81%,,23,75%,12,58%,35,69%,,40,79%,24,67%,64,75%
2018,northern ontario,4,18,9,None,None,ALL,,18,63%,12,73%,30,67%,,34,85%,16,78%,50,83%,,52,77%,28,76%,80,77%
2018,northern ontario,4,19,10,None,None,ALL,,22,76%,16,70%,38,74%,,24,70%,18,69%,42,70%,,46,73%,34,70%,80,72%
2018,northwest territories,7,2,1,None,None,ALL,,31,53%,13,44%,44,51%,,21,48%,11,57%,32,51%,,52,51%,24,50%,76,51%
2018,northwest territories,7,4,2,None,None,ALL,,19,47%,18,49%,37,48%,,11,57%,16,53%,27,55%,,30,51%,34,51%,64,51%
2018,northwest territories,7,5,3,None,None,ALL,,22,45%,10,48%,32,46%,,16,34%,16,53%,32,44%,,38,41%,26,51%,64,45%
2018,northwest territories,7,7,4,None,None,ALL,,14,50%,16,48%,30,49%,,18,53%,15,33%,33,44%,,32,52%,31,41%,63,46%
2018,northwest territories,7,10,5,None,None,ALL,,34,54%,14,48%,48,52%,,7,54%,9,42%,16,47%,,41,54%,23,46%,64,51%
2018,northwest territories,7,11,6,None,None,ALL,,30,45%,19,50%,49,47%,,14,68%,9,72%,23,70%,,44,52%,28,57%,72,54%
2018,northwest territories,7,14,7,None,None,ALL,,28,57%,8,72%,36,60%,,26,47%,16,69%,42,55%,,54,52%,24,70%,78,58%
2018,northwest territories,7,15,8,None,None,ALL,,18,35%,25,57%,43,48%,,9,44%,12,67%,21,57%,,27,38%,37,60%,64,51%
2018,northwest territories,7,16,9,None,None,ALL,,7,14%,17,51%,24,41%,,28,61%,19,66%,47,63%,,35,51%,36,59%,71,55%
2018,nova scotia,1,2,1,None,None,ALL,,26,71%,10,78%,36,73%,,19,72%,9,86%,28,77%,,45,72%,19,82%,64,75%
2018,nova scotia,1,3,2,None,None,ALL,,28,97%,13,65%,41,87%,,14,66%,8,56%,22,63%,,42,87%,21,62%,63,79%
2018,nova scotia,1,6,3,None,None,ALL,,22,83%,11,86%,33,84%,,16,88%,21,92%,37,90%,,38,85%,32,90%,70,87%
2018,nova scotia,1,8,4,None,None,ALL,,24,79%,13,63%,37,74%,,15,82%,20,88%,35,85%,,39,80%,33,78%,72,79%
2018,nova scotia,1,10,5,None,None,ALL,,12,50%,11,95%,23,72%,,25,79%,16,91%,41,84%,,37,70%,27,93%,64,79%
2018,nova scotia,1,12,6,None,None,ALL,,19,80%,9,78%,28,79%,,25,81%,17,93%,42,86%,,44,81%,26,88%,70,83%
2018,nova scotia,1,14,7,None,None,ALL,,15,67%,9,67%,24,67%,,25,89%,27,81%,52,85%,,40,81%,36,77%,76,79%
2018,nova scotia,1,16,8,None,None,ALL,,30,85%,21,83%,51,84%,,20,79%,9,89%,29,82%,,50,83%,30,85%,80,83%
2018,nova scotia,1,18,9,None,None,ALL,,11,91%,21,86%,32,88%,,26,78%,22,84%,48,81%,,37,82%,43,85%,80,83%
2018,nova scotia,1,19,10,None,None,ALL,,21,85%,13,73%,34,80%,,20,78%,18,76%,38,77%,,41,81%,31,75%,72,78%
2018,nova scotia,1,24,11,None,None,ALL,,16,66%,11,75%,27,69%,,27,85%,24,88%,51,86%,,43,78%,35,84%,78,80%
2018,nunavut,6,3,1,None,None,ALL,,32,45%,13,37%,45,43%,,14,52%,5,50%,19,51%,,46,47%,18,40%,64,45%
2018,nunavut,6,4,2,None,None,ALL,,20,36%,13,38%,33,37%,,11,66%,20,55%,31,59%,,31,47%,33,48%,64,48%
2018,nunavut,6,7,3,None,None,ALL,,16,56%,31,56%,47,56%,,5,75%,12,73%,17,74%,,21,61%,43,60%,64,61%
2018,nunavut,6,8,4,None,None,ALL,,35,58%,14,55%,49,57%,,5,65%,10,65%,15,65%,,40,59%,24,59%,64,59%
2018,nunavut,6,10,5,None,None,ALL,,26,72%,9,64%,35,70%,,9,89%,14,54%,23,67%,,35,76%,23,58%,58,69%
2018,nunavut,6,12,6,None,None,ALL,,30,69%,21,65%,51,68%,,7,36%,6,58%,13,46%,,37,63%,27,64%,64,63%
2018,nunavut,6,14,7,None,None,ALL,,28,58%,16,63%,44,60%,,15,42%,5,40%,20,41%,,43,52%,21,57%,64,54%
2018,nunavut,6,15,8,None,None,ALL,,23,57%,24,53%,47,55%,,13,42%,8,28%,21,37%,,36,51%,32,47%,68,49%
2018,nunavut,6,17,9,None,None,ALL,,21,52%,18,53%,39,53%,,13,56%,11,43%,24,50%,,34,54%,29,49%,63,52%
2018,ontario,3,1,1,None,None,ALL,,30,68%,7,82%,37,71%,,12,85%,15,80%,27,82%,,42,73%,22,81%,64,76%
2018,ontario,3,4,2,None,None,ALL,,19,82%,17,65%,36,74%,,14,73%,14,82%,28,78%,,33,78%,31,73%,64,75%
2018,ontario,3,6,3,None,None,ALL,,14,91%,20,76%,34,82%,,19,82%,17,93%,36,87%,,33,86%,37,84%,70,85%
2018,ontario,3,8,4,None,None,ALL,,31,85%,9,67%,40,81%,,12,96%,12,94%,24,95%,,43,88%,21,82%,64,86%
2018,ontario,3,9,5,None,None,ALL,,20,59%,29,79%,49,71%,,10,98%,13,71%,23,83%,,30,72%,42,77%,72,75%
2018,ontario,3,10,6,None,None,ALL,,17,75%,12,92%,29,82%,,19,89%,30,87%,49,88%,,36,83%,42,88%,78,86%
2018,ontario,3,15,7,None,None,ALL,,14,64%,16,72%,30,68%,,23,78%,27,82%,50,81%,,37,73%,43,78%,80,76%
2018,ontario,3,16,8,None,None,ALL,,19,71%,15,80%,34,75%,,21,87%,25,61%,46,73%,,40,79%,40,68%,80,74%
2018,ontario,3,18,9,None,None,ALL,,26,73%,19,70%,45,72%,,15,70%,18,86%,33,79%,,41,72%,37,78%,78,75%
2018,ontario,3,19,10,None,None,ALL,,29,53%,27,69%,56,61%,,8,88%,7,86%,15,87%,,37,60%,34,73%,71,66%
2018,prince edward island,2,1,1,None,None,ALL,,13,81%,31,77%,44,78%,,13,75%,15,77%,28,76%,,26,78%,46,77%,72,77%
2018,prince edward island,2,4,2,None,None,ALL,,7,50%,33,67%,40,64%,,13,52%,10,75%,23,62%,,20,51%,43,69%,63,63%
2018,prince edward island,2,5,3,None,None,ALL,,21,61%,30,82%,51,73%,,17,74%,11,80%,28,76%,,38,66%,41,81%,79,74%
2018,prince edward island,2,7,4,None,None,ALL,,16,77%,33,80%,49,79%,,4,100%,9,83%,13,88%,,20,81%,42,81%,62,81%
2018,prince edward island,2,9,5,None,None,ALL,,15,68%,21,71%,36,70%,,18,79%,18,75%,36,77%,,33,74%,39,73%,72,74%
2018,prince edward island,2,11,6,None,None,ALL,,22,83%,29,82%,51,82%,,12,79%,25,66%,37,70%,,34,82%,54,75%,88,77%
2018,prince edward island,2,14,7,None,None,ALL,,25,80%,39,74%,64,77%,,4,75%,9,67%,13,69%,,29,79%,48,73%,77,75%
2018,prince edward island,2,16,8,None,None,ALL,,17,75%,30,60%,47,65%,,9,78%,16,72%,25,74%,,26,76%,46,64%,72,68%
2018,prince edward island,2,18,9,None,None,ALL,,14,68%,25,73%,39,71%,,10,75%,13,71%,23,73%,,24,71%,38,72%,62,72%
2018,prince edward island,2,19,10,None,None,ALL,,10,83%,21,70%,31,74%,,12,85%,27,81%,39,83%,,22,84%,48,77%,70,79%
2018,quebec,4,1,1,None,None,ALL,,21,77%,7,82%,28,79%,,18,81%,26,82%,44,81%,,39,79%,33,82%,72,80%
2018,quebec,4,3,2,None,None,ALL,,9,94%,18,83%,27,87%,,16,72%,21,89%,37,82%,,25,80%,39,87%,64,84%
2018,quebec,4,5,3,None,None,ALL,,8,66%,21,67%,29,66%,,28,85%,23,86%,51,85%,,36,81%,44,77%,80,78%
2018,quebec,4,6,4,None,None,ALL,,14,79%,22,70%,36,74%,,18,82%,18,75%,36,78%,,32,80%,40,73%,72,76%
2018,quebec,4,9,5,None,None,ALL,,18,86%,38,88%,56,87%,,2,88%,13,79%,15,80%,,20,86%,51,85%,71,86%
2018,quebec,4,11,6,None,None,ALL,,10,60%,23,75%,33,70%,,25,82%,20,86%,45,84%,,35,76%,43,80%,78,78%
2018,quebec,4,15,7,None,None,ALL,,19,84%,12,81%,31,83%,,18,78%,25,81%,43,80%,,37,81%,37,81%,74,81%
2018,quebec,4,16,8,None,None,ALL,,18,71%,7,68%,25,70%,,19,64%,17,79%,36,72%,,37,68%,24,76%,61,71%
2018,quebec,4,18,9,None,None,ALL,,12,83%,9,33%,21,62%,,23,92%,31,80%,54,85%,,35,89%,40,69%,75,79%
2018,quebec,4,19,10,None,None,ALL,,18,93%,9,97%,27,94%,,23,89%,21,81%,44,85%,,41,91%,30,86%,71,89%
2018,quebec,4,21,11,None,None,ALL,,17,79%,9,89%,26,83%,,14,91%,22,86%,36,88%,,31,85%,31,87%,62,86%
2018,quebec,4,24,12,None,None,ALL,,29,81%,10,65%,39,77%,,19,79%,22,70%,41,74%,,48,80%,32,69%,80,76%
2018,saskatchewan,6,1,1,None,None,ALL,,32,59%,24,73%,56,65%,,10,83%,6,83%,16,83%,,42,65%,30,75%,72,69%
2018,saskatchewan,6,3,2,None,None,ALL,,22,78%,40,78%,62,78%,,9,72%,9,67%,18,69%,,31,77%,49,76%,80,76%
2018,saskatchewan,6,6,3,None,None,ALL,,24,75%,24,75%,48,75%,,10,88%,13,67%,23,76%,,34,79%,37,72%,71,75%
2018,saskatchewan,6,8,4,None,None,ALL,,26,82%,14,84%,40,83%,,10,63%,12,71%,22,67%,,36,76%,26,78%,62,77%
2018,saskatchewan,6,10,5,None,None,ALL,,29,71%,24,49%,53,61%,,4,44%,7,61%,11,55%,,33,67%,31,52%,64,60%
2018,saskatchewan,6,11,6,None,None,ALL,,23,78%,22,67%,45,73%,,17,78%,13,79%,30,78%,,40,78%,35,71%,75,75%
2018,saskatchewan,6,14,7,None,None,ALL,,21,67%,8,63%,29,66%,,21,75%,13,81%,34,77%,,42,71%,21,74%,63,72%
2018,saskatchewan,6,16,8,None,None,ALL,,15,95%,29,79%,44,85%,,13,85%,14,50%,27,67%,,28,90%,43,70%,71,78%
2018,saskatchewan,6,18,9,None,None,ALL,,27,65%,19,71%,46,67%,,13,81%,18,72%,31,76%,,40,70%,37,72%,77,71%
2018,yukon,7,1,1,None,None,ALL,,13,69%,17,46%,30,56%,,17,41%,16,55%,33,48%,,30,53%,33,50%,63,52%
2018,yukon,7,2,2,None,None,ALL,,18,54%,18,42%,36,48%,,15,42%,13,50%,28,46%,,33,48%,31,45%,64,47%
2018,yukon,7,5,3,None,None,ALL,,12,60%,15,37%,27,47%,,18,58%,17,66%,35,62%,,30,59%,32,52%,62,56%
2018,yukon,7,8,4,None,None,ALL,,18,58%,18,50%,36,54%,,11,59%,15,68%,26,64%,,29,59%,33,58%,62,58%
2018,yukon,7,9,5,None,None,ALL,,7,32%,8,19%,15,25%,,24,71%,25,60%,49,65%,,31,62%,33,50%,64,56%
2018,yukon,7,11,6,None,None,ALL,,14,61%,17,63%,31,62%,,23,64%,24,67%,47,65%,,37,63%,41,65%,78,64%
2018,yukon,7,14,7,None,None,ALL,,35,61%,16,72%,51,65%,,14,55%,14,75%,28,65%,,49,60%,30,73%,79,65%
2018,yukon,7,15,8,None,None,ALL,,22,40%,27,53%,49,47%,,13,65%,8,59%,21,63%,,35,49%,35,54%,70,52%
2018,yukon,7,17,9,None,None,ALL,,26,64%,13,63%,39,64%,,7,50%,18,38%,25,41%,,33,61%,31,48%,64,55%
2017,alberta,1,2,1,None,None,ALL,,34,68%,10,58%,44,66%,,25,66%,9,83%,34,71%,,59,67%,19,70%,78,68%
2017,alberta,1,3,2,None,None,ALL,,22,78%,18,71%,40,75%,,13,79%,11,84%,24,81%,,35,79%,29,76%,64,77%
2017,alberta,1,4,3,None,None,ALL,,25,83%,8,56%,33,77%,,17,81%,14,79%,31,80%,,42,82%,22,70%,64,78%
2017,alberta,1,6,4,None,None,ALL,,12,77%,16,78%,28,78%,,16,69%,28,84%,44,78%,,28,72%,44,82%,72,78%
2017,alberta,1,8,5,None,None,ALL,,35,77%,9,83%,44,78%,,25,71%,11,75%,36,72%,,60,75%,20,79%,80,76%
2017,alberta,1,10,6,None,None,ALL,,26,78%,16,48%,42,67%,,32,73%,13,65%,45,71%,,58,75%,29,56%,87,69%
2017,alberta,1,12,7,None,None,ALL,,16,69%,14,95%,30,81%,,28,90%,21,93%,49,91%,,44,82%,35,94%,79,87%
2017,alberta,1,14,8,None,None,ALL,,25,74%,22,67%,47,71%,,11,93%,14,79%,25,85%,,36,80%,36,72%,72,76%
2017,alberta,1,16,9,None,None,ALL,,25,84%,8,78%,33,83%,,22,85%,23,71%,45,78%,,47,85%,31,73%,78,80%
2017,alberta,1,17,10,None,None,ALL,,26,86%,19,91%,45,88%,,11,91%,23,78%,34,82%,,37,87%,42,84%,79,85%
2017,alberta,1,19,11,None,None,ALL,,17,93%,14,86%,31,90%,,28,87%,19,76%,47,82%,,45,89%,33,80%,78,85%
2017,alberta,1,20,12,None,None,ALL,,29,92%,22,84%,51,89%,,20,81%,9,81%,29,81%,,49,88%,31,83%,80,86%
2017,british columbia,2,1,1,None,None,ALL,,20,73%,19,63%,39,68%,,10,70%,31,77%,41,75%,,30,72%,50,72%,80,72%
2017,british columbia,2,3,2,None,None,ALL,,11,75%,15,90%,26,84%,,29,95%,25,93%,54,94%,,40,89%,40,92%,80,91%
2017,british columbia,2,5,3,None,None,ALL,,17,74%,26,59%,43,65%,,18,75%,27,74%,45,74%,,35,74%,53,67%,88,70%
2017,british columbia,2,7,4,None,None,ALL,,29,66%,22,74%,51,70%,,17,76%,10,55%,27,69%,,46,70%,32,68%,78,69%
2017,british columbia,2,8,5,None,None,ALL,,15,78%,18,74%,33,76%,,12,77%,19,80%,31,79%,,27,78%,37,77%,64,77%
2017,british columbia,2,9,6,None,None,ALL,,15,82%,13,58%,28,71%,,21,82%,13,77%,34,80%,,36,82%,26,67%,62,76%
2017,british columbia,2,12,7,None,None,ALL,,27,91%,18,54%,45,76%,,21,76%,13,88%,34,81%,,48,84%,31,69%,79,78%
2017,british columbia,2,15,8,None,None,ALL,,21,80%,11,95%,32,85%,,12,79%,35,77%,47,78%,,33,80%,46,82%,79,81%
2017,british columbia,2,16,9,None,None,ALL,,30,77%,19,89%,49,82%,,12,94%,19,71%,31,80%,,42,82%,38,80%,80,81%
2017,british columbia,2,17,10,None,None,ALL,,20,81%,36,68%,56,73%,,10,58%,12,63%,22,60%,,30,73%,48,67%,78,69%
2017,manitoba,6,1,1,None,None,ALL,,19,87%,17,78%,36,83%,,12,63%,16,81%,28,73%,,31,77%,33,80%,64,79%
2017,manitoba,6,3,2,None,None,ALL,,23,84%,19,71%,42,78%,,23,80%,15,70%,38,76%,,46,82%,34,71%,80,77%
2017,manitoba,6,5,3,None,None,ALL,,20,74%,18,85%,38,79%,,11,80%,15,75%,26,77%,,31,76%,33,80%,64,78%
2017,manitoba,6,6,4,None,None,ALL,,37,85%,21,82%,58,84%,,4,63%,10,68%,14,66%,,41,83%,31,77%,72,81%
2017,manitoba,6,9,5,None,None,ALL,,33,61%,20,70%,53,65%,,15,85%,12,73%,27,80%,,48,69%,32,71%,80,70%
2017,manitoba,6,10,6,None,None,ALL,,16,72%,21,71%,37,72%,,15,78%,28,73%,43,75%,,31,75%,49,72%,80,73%
2017,manitoba,6,12,7,None,None,ALL,,15,73%,18,82%,33,78%,,25,80%,22,69%,47,75%,,40,78%,40,75%,80,76%
2017,manitoba,6,15,8,None,None,ALL,,15,78%,13,88%,28,83%,,19,83%,15,87%,34,85%,,34,81%,28,88%,62,84%
2017,manitoba,6,16,9,None,None,ALL,,21,75%,17,96%,38,84%,,12,81%,13,94%,25,88%,,33,77%,30,95%,63,86%
2017,new brunswick,5,1,1,None,None,ALL,,27,81%,21,81%,48,81%,,19,74%,11,68%,30,72%,,46,78%,32,77%,78,77%
2017,new brunswick,5,4,2,None,None,ALL,,19,79%,18,65%,37,72%,,14,77%,13,83%,27,80%,,33,78%,31,73%,64,75%
2017,new brunswick,5,6,3,None,None,ALL,,26,70%,26,63%,52,66%,,13,77%,14,55%,27,66%,,39,72%,40,60%,79,66%
2017,new brunswick,5,7,4,None,None,ALL,,26,72%,21,76%,47,74%,,16,83%,16,84%,32,84%,,42,76%,37,80%,79,78%
2017,new brunswick,5,9,5,None,None,ALL,,32,72%,19,68%,51,71%,,8,78%,13,79%,21,79%,,40,73%,32,73%,72,73%
2017,new brunswick,5,10,6,None,None,ALL,,28,74%,19,64%,47,70%,,17,65%,15,70%,32,67%,,45,71%,34,67%,79,69%
2017,new brunswick,5,11,7,None,None,ALL,,25,80%,15,70%,40,76%,,20,73%,18,60%,38,66%,,45,77%,33,64%,78,71%
2017,new brunswick,5,12,8,None,None,ALL,,22,57%,27,77%,49,68%,,17,68%,14,70%,31,69%,,39,62%,41,74%,80,68%
2017,new brunswick,5,13,9,None,None,ALL,,22,64%,12,75%,34,68%,,14,66%,16,77%,30,72%,,36,65%,28,76%,64,70%
2017,new brunswick,5,16,10,None,None,ALL,,10,78%,20,61%,30,67%,,29,79%,21,75%,50,78%,,39,79%,41,68%,80,73%
2017,newfoundland & labrador,4,2,1,None,None,ALL,,18,74%,15,50%,33,63%,,27,69%,20,74%,47,71%,,45,71%,35,64%,80,68%
2017,newfoundland & labrador,4,3,2,None,None,ALL,,11,80%,23,60%,34,66%,,23,70%,20,75%,43,72%,,34,73%,43,67%,77,69%
2017,newfoundland & labrador,4,5,3,None,None,ALL,,17,51%,28,71%,45,64%,,10,63%,9,56%,19,59%,,27,56%,37,68%,64,63%
2017,newfoundland & labrador,4,7,4,None,None,ALL,,21,67%,26,67%,47,67%,,11,80%,22,48%,33,58%,,32,71%,48,58%,80,63%
2017,newfoundland & labrador,4,9,5,None,None,ALL,,18,75%,23,42%,41,57%,,18,82%,20,70%,38,76%,,36,78%,43,55%,79,66%
2017,newfoundland & labrador,4,10,6,None,None,ALL,,27,49%,17,63%,44,55%,,23,55%,21,69%,44,62%,,50,52%,38,66%,88,58%
2017,newfoundland & labrador,4,11,7,None,None,ALL,,15,63%,16,58%,31,60%,,36,72%,21,75%,57,73%,,51,70%,37,68%,88,69%
2017,newfoundland & labrador,4,13,8,None,None,ALL,,16,72%,18,76%,34,74%,,14,75%,13,60%,27,68%,,30,73%,31,69%,61,71%
2017,newfoundland & labrador,4,15,9,None,None,ALL,,24,80%,12,88%,36,83%,,18,76%,9,86%,27,80%,,42,79%,21,87%,63,81%
2017,newfoundland & labrador,4,16,10,None,None,ALL,,23,71%,19,66%,42,68%,,20,76%,16,81%,36,78%,,43,73%,35,73%,78,73%
2017,northern ontario,4,1,1,None,None,ALL,,27,75%,21,62%,48,69%,,17,69%,14,93%,31,80%,,44,73%,35,74%,79,73%
2017,northern ontario,4,2,2,None,None,ALL,,22,82%,19,79%,41,80%,,12,69%,10,83%,22,75%,,34,77%,29,80%,63,79%
2017,northern ontario,4,4,3,None,None,ALL,,12,56%,22,67%,34,63%,,15,90%,14,77%,29,84%,,27,75%,36,71%,63,73%
2017,northern ontario,4,6,4,None,None,ALL,,12,38%,23,73%,35,61%,,24,69%,21,70%,45,69%,,36,58%,44,72%,80,66%
2017,northern ontario,4,7,5,None,None,ALL,,15,70%,15,78%,30,74%,,15,67%,19,71%,34,69%,,30,68%,34,74%,64,71%
2017,northern ontario,4,9,6,None,None,ALL,,10,58%,14,82%,24,72%,,29,80%,18,85%,47,82%,,39,74%,32,84%,71,79%
2017,northern ontario,4,11,7,None,None,ALL,,11,73%,18,89%,29,83%,,22,90%,28,84%,50,87%,,33,84%,46,86%,79,85%
2017,northern ontario,4,13,8,None,None,ALL,,18,83%,14,50%,32,69%,,27,74%,20,80%,47,77%,,45,78%,34,68%,79,73%
2017,northern ontario,4,14,9,None,None,ALL,,13,94%,24,73%,37,80%,,17,94%,17,88%,34,91%,,30,94%,41,79%,71,86%
2017,northern ontario,4,16,10,None,None,ALL,,9,72%,14,96%,23,87%,,19,86%,22,86%,41,86%,,28,81%,36,90%,64,86%
2017,northern ontario,4,17,11,None,None,ALL,,13,62%,23,82%,36,74%,,15,78%,29,84%,44,82%,,28,71%,52,83%,80,79%
2017,northern ontario,4,19,12,None,None,ALL,,15,88%,31,66%,46,73%,,15,65%,18,82%,33,74%,,30,77%,49,72%,79,74%
2017,northwest territories,7,1,1,None,None,ALL,,8,41%,11,23%,19,30%,,20,45%,25,63%,45,55%,,28,44%,36,51%,64,48%
2017,northwest territories,7,3,2,None,None,ALL,,5,20%,2,0%,7,14%,,26,53%,30,41%,56,46%,,31,48%,32,38%,63,43%
2017,northwest territories,7,4,3,None,None,ALL,,19,53%,22,61%,41,57%,,8,63%,15,57%,23,59%,,27,56%,37,59%,64,58%
2017,northwest territories,7,7,4,None,None,ALL,,13,27%,4,50%,17,32%,,28,52%,19,55%,47,53%,,41,44%,23,54%,64,48%
2017,northwest territories,7,9,5,None,None,ALL,,26,55%,8,50%,34,54%,,21,58%,25,51%,46,54%,,47,56%,33,51%,80,54%
2017,northwest territories,7,10,6,None,None,ALL,,38,48%,10,58%,48,50%,,25,56%,15,70%,40,61%,,63,51%,25,65%,88,55%
2017,northwest territories,7,13,7,None,None,ALL,,11,43%,18,40%,29,41%,,29,61%,6,54%,35,60%,,40,56%,24,44%,64,52%
2017,northwest territories,7,14,8,None,None,ALL,,19,55%,18,44%,37,50%,,24,60%,19,64%,43,62%,,43,58%,37,55%,80,57%
2017,northwest territories,7,16,9,None,None,ALL,,38,55%,10,60%,48,56%,,17,56%,15,63%,32,59%,,55,55%,25,62%,80,58%
2017,nova scotia,5,1,1,None,None,ALL,,6,71%,39,72%,45,72%,,24,81%,19,78%,43,80%,,30,79%,58,74%,88,76%
2017,nova scotia,5,3,2,None,None,ALL,,27,76%,31,67%,58,71%,,8,63%,12,81%,20,74%,,35,73%,43,71%,78,72%
2017,nova scotia,5,4,3,None,None,ALL,,9,50%,15,65%,24,59%,,17,65%,23,82%,40,74%,,26,60%,38,75%,64,69%
2017,nova scotia,5,6,4,None,None,ALL,,15,70%,24,65%,39,67%,,24,55%,17,79%,41,65%,,39,61%,41,71%,80,66%
2017,nova scotia,5,8,5,None,None,ALL,,18,53%,13,63%,31,57%,,23,77%,26,75%,49,76%,,41,66%,39,71%,80,69%
2017,nova scotia,5,10,6,None,None,ALL,,7,82%,31,70%,38,72%,,24,81%,18,68%,42,76%,,31,81%,49,69%,80,74%
2017,nova scotia,5,11,7,None,None,ALL,,28,79%,34,85%,62,82%,,13,85%,12,94%,25,89%,,41,80%,46,88%,87,84%
2017,nova scotia,5,12,8,None,None,ALL,,15,65%,26,79%,41,74%,,21,85%,18,68%,39,77%,,36,76%,44,74%,80,75%
2017,nova scotia,5,15,9,None,None,ALL,,11,68%,28,78%,39,75%,,26,76%,15,77%,41,76%,,37,74%,43,77%,80,76%
2017,nova scotia,5,16,10,None,None,ALL,,11,64%,27,74%,38,71%,,13,87%,13,75%,26,81%,,24,76%,40,74%,64,75%
2017,nova scotia,5,17,11,None,None,ALL,,13,83%,19,79%,32,80%,,18,89%,21,92%,39,90%,,31,86%,40,86%,71,86%
2017,nunavut,6,2,1,None,None,ALL,,23,59%,13,27%,36,47%,,14,64%,28,58%,42,60%,,37,61%,41,48%,78,54%
2017,nunavut,6,4,2,None,None,ALL,,15,48%,27,43%,42,45%,,6,50%,15,60%,21,57%,,21,49%,42,49%,63,49%
2017,nunavut,6,5,3,None,None,ALL,,26,43%,30,48%,56,46%,,4,44%,4,75%,8,59%,,30,43%,34,51%,64,48%
2017,nunavut,6,6,4,None,None,ALL,,14,39%,29,39%,43,39%,,16,67%,17,56%,33,61%,,30,54%,46,45%,76,49%
2017,nunavut,6,7,5,None,None,ALL,,29,48%,13,31%,42,43%,,11,59%,11,48%,22,53%,,40,51%,24,39%,64,46%
2017,nunavut,6,9,6,None,None,ALL,,26,46%,18,42%,44,44%,,10,58%,10,45%,20,51%,,36,49%,28,43%,64,46%
2017,nunavut,6,14,7,None,None,ALL,,34,71%,25,50%,59,62%,,12,56%,9,64%,21,60%,,46,67%,34,54%,80,61%
2017,nunavut,6,15,8,None,None,ALL,,29,62%,11,36%,40,55%,,15,77%,9,36%,24,61%,,44,67%,20,36%,64,57%
2017,nunavut,6,16,9,None,None,ALL,,22,34%,26,52%,48,44%,,11,39%,5,50%,16,42%,,33,36%,31,52%,64,43%
2017,ontario,1,2,1,None,None,ALL,,14,73%,9,83%,23,77%,,19,74%,20,85%,39,79%,,33,73%,29,84%,62,79%
2017,ontario,1,3,2,None,None,ALL,,23,74%,22,88%,45,81%,,13,81%,22,88%,35,85%,,36,76%,44,88%,80,83%
2017,ontario,1,5,3,None,None,ALL,,18,76%,16,56%,34,67%,,13,83%,17,79%,30,81%,,31,79%,33,68%,64,73%
2017,ontario,1,6,4,None,None,ALL,,4,75%,29,82%,33,81%,,20,74%,27,76%,47,75%,,24,74%,56,79%,80,78%
2017,ontario,1,7,5,None,None,ALL,,4,88%,34,71%,38,73%,,15,70%,27,90%,42,83%,,19,74%,61,80%,80,78%
2017,ontario,1,10,6,None,None,ALL,,28,63%,18,76%,46,68%,,15,60%,18,76%,33,69%,,43,62%,36,76%,79,69%
2017,ontario,1,12,7,None,None,ALL,,20,69%,11,80%,31,73%,,26,88%,23,75%,49,82%,,46,79%,34,76%,80,78%
2017,ontario,1,14,8,None,None,ALL,,19,78%,13,75%,32,77%,,27,91%,28,78%,55,84%,,46,85%,41,77%,87,81%
2017,ontario,1,15,9,None,None,ALL,,13,69%,12,83%,25,76%,,29,90%,14,82%,43,87%,,42,83%,26,83%,68,83%
2017,ontario,1,17,10,None,None,ALL,,12,56%,7,79%,19,64%,,21,75%,38,84%,59,81%,,33,68%,45,83%,78,77%
2017,ontario,1,20,11,None,None,ALL,,8,69%,12,73%,20,71%,,23,58%,36,78%,59,70%,,31,60%,48,77%,79,70%
2017,prince edward island,3,1,1,None,None,ALL,,11,57%,30,62%,41,60%,,26,79%,21,63%,47,72%,,37,72%,51,62%,88,66%
2017,prince edward island,3,2,2,None,None,ALL,,14,59%,35,66%,49,64%,,22,57%,9,53%,31,56%,,36,58%,44,64%,80,61%
2017,prince edward island,3,4,3,None,None,ALL,,9,56%,17,71%,26,65%,,21,57%,17,69%,38,63%,,30,57%,34,70%,64,64%
2017,prince edward island,3,5,4,None,None,ALL,,16,67%,22,83%,38,76%,,14,71%,12,56%,26,64%,,30,69%,34,74%,64,71%
2017,prince edward island,3,7,5,None,None,ALL,,9,67%,18,68%,27,68%,,28,68%,20,73%,48,70%,,37,68%,38,70%,75,69%
2017,prince edward island,3,9,6,None,None,ALL,,17,82%,29,80%,46,81%,,15,72%,18,65%,33,68%,,32,77%,47,74%,79,76%
2017,prince edward island,3,12,7,None,None,ALL,,16,84%,30,78%,46,80%,,15,63%,19,84%,34,75%,,31,74%,49,81%,80,78%
2017,prince edward island,3,14,8,None,None,ALL,,22,70%,27,86%,49,79%,,15,83%,22,84%,37,84%,,37,76%,49,85%,86,81%
2017,prince edward island,3,15,9,None,None,ALL,,11,66%,29,72%,40,70%,,19,63%,20,73%,39,68%,,30,64%,49,72%,79,69%
2017,prince edward island,3,17,10,None,None,ALL,,7,61%,33,64%,40,64%,,16,73%,24,70%,40,71%,,23,70%,57,67%,80,68%
2017,quebec,3,2,1,None,None,ALL,,30,65%,13,63%,43,65%,,17,78%,16,89%,33,83%,,47,70%,29,78%,76,73%
2017,quebec,3,3,2,None,None,ALL,,14,82%,12,63%,26,73%,,16,70%,18,78%,34,74%,,30,76%,30,72%,60,74%
2017,quebec,3,5,3,None,None,ALL,,23,59%,32,67%,55,64%,,12,81%,21,70%,33,74%,,35,66%,53,68%,88,68%
2017,quebec,3,6,4,None,None,ALL,,23,78%,32,74%,55,76%,,14,82%,11,77%,25,80%,,37,80%,43,75%,80,77%
2017,quebec,3,7,5,None,None,ALL,,15,53%,23,64%,38,60%,,19,66%,22,80%,41,73%,,34,60%,45,72%,79,67%
2017,quebec,3,10,6,None,None,ALL,,22,82%,16,80%,38,81%,,19,66%,23,73%,42,70%,,41,74%,39,76%,80,75%
2017,quebec,3,12,7,None,None,ALL,,29,82%,19,76%,48,80%,,20,81%,11,75%,31,79%,,49,82%,30,76%,79,79%
2017,quebec,3,14,8,None,None,ALL,,31,78%,19,75%,50,77%,,24,74%,14,79%,38,76%,,55,76%,33,77%,88,76%
2017,quebec,3,15,9,None,None,ALL,,25,74%,12,73%,37,74%,,21,80%,22,77%,43,78%,,46,77%,34,76%,80,76%
2017,quebec,3,17,10,None,None,ALL,,29,79%,25,71%,54,75%,,14,75%,4,88%,18,78%,,43,78%,29,73%,72,76%
2017,saskatchewan,2,2,1,None,None,ALL,,17,69%,24,52%,41,59%,,20,60%,18,75%,38,67%,,37,64%,42,62%,79,63%
2017,saskatchewan,2,3,2,None,None,ALL,,22,72%,15,80%,37,75%,,21,73%,20,81%,41,77%,,43,72%,35,81%,78,76%
2017,saskatchewan,2,5,3,None,None,ALL,,16,66%,14,66%,30,66%,,10,78%,24,70%,34,72%,,26,70%,38,68%,64,69%
2017,saskatchewan,2,6,4,None,None,ALL,,25,72%,20,51%,45,63%,,17,69%,14,79%,31,73%,,42,71%,34,63%,76,67%
2017,saskatchewan,2,7,5,None,None,ALL,,24,82%,21,82%,45,82%,,14,82%,5,80%,19,82%,,38,82%,26,82%,64,82%
2017,saskatchewan,2,10,6,None,None,ALL,,35,74%,18,67%,53,72%,,23,87%,12,83%,35,86%,,58,79%,30,73%,88,77%
2017,saskatchewan,2,13,7,None,None,ALL,,29,86%,28,75%,57,81%,,13,81%,9,83%,22,82%,,42,85%,37,77%,79,81%
2017,saskatchewan,2,14,8,None,None,ALL,,32,69%,16,73%,48,70%,,19,68%,21,76%,40,73%,,51,69%,37,75%,88,71%
2017,saskatchewan,2,15,9,None,None,ALL,,18,72%,21,90%,39,82%,,17,84%,11,68%,28,78%,,35,78%,32,83%,67,80%
2017,saskatchewan,2,17,10,None,None,ALL,,14,57%,21,79%,35,70%,,19,89%,23,78%,42,83%,,33,76%,44,78%,77,77%
2017,yukon,7,1,1,None,None,ALL,,26,41%,20,53%,46,46%,,18,43%,16,41%,34,42%,,44,42%,36,47%,80,44%
2017,yukon,7,3,2,None,None,ALL,,28,54%,13,63%,41,57%,,17,46%,6,88%,23,57%,,45,51%,19,71%,64,57%
2017,yukon,7,4,3,None,None,ALL,,23,43%,10,15%,33,35%,,13,38%,18,56%,31,48%,,36,42%,28,41%,64,41%
2017,yukon,7,6,4,None,None,ALL,,23,51%,37,42%,60,45%,,10,58%,9,61%,19,59%,,33,53%,46,46%,79,49%
2017,yukon,7,8,5,None,None,ALL,,22,43%,11,43%,33,43%,,17,44%,14,48%,31,46%,,39,44%,25,46%,64,45%
2017,yukon,7,10,6,None,None,ALL,,32,50%,10,48%,42,49%,,15,50%,23,75%,38,65%,,47,50%,33,67%,80,57%
2017,yukon,7,13,7,None,None,ALL,,21,52%,21,46%,42,49%,,8,41%,14,54%,22,49%,,29,49%,35,49%,64,49%
2017,yukon,7,15,8,None,None,ALL,,27,38%,20,46%,47,41%,,7,79%,10,50%,17,62%,,34,46%,30,48%,64,47%
2017,yukon,7,16,9,None,None,ALL,,41,52%,13,38%,54,49%,,18,63%,8,69%,26,64%,,59,56%,21,50%,80,54%
2016,alberta,3,1,1,None,None,ALL,,17,74%,18,61%,35,67%,,14,77%,13,94%,27,85%,,31,75%,31,75%,62,75%
2016,alberta,3,3,2,None,None,ALL,,18,79%,12,83%,30,81%,,21,83%,20,90%,41,87%,,39,81%,32,88%,71,84%
2016,alberta,3,4,3,None,None,ALL,,20,64%,5,80%,25,67%,,26,93%,6,96%,32,94%,,46,80%,11,89%,57,82%
2016,alberta,3,5,4,None,None,ALL,,24,69%,14,89%,38,76%,,11,61%,15,80%,26,72%,,35,66%,29,84%,64,75%
2016,alberta,3,6,5,None,None,ALL,,23,91%,19,67%,42,80%,,20,76%,24,90%,44,84%,,43,84%,43,80%,86,82%
2016,alberta,3,9,6,None,None,ALL,,29,83%,18,86%,47,84%,,15,85%,17,81%,32,83%,,44,84%,35,84%,79,84%
2016,alberta,3,11,7,None,None,ALL,,37,88%,23,80%,60,85%,,17,90%,11,91%,28,90%,,54,88%,34,84%,88,87%
2016,alberta,3,12,8,None,None,ALL,,32,78%,11,64%,43,74%,,9,86%,12,83%,21,85%,,41,80%,23,74%,64,78%
2016,alberta,3,14,9,None,None,ALL,,13,90%,14,89%,27,90%,,18,89%,19,97%,37,93%,,31,90%,33,94%,64,92%
2016,alberta,3,15,10,None,None,ALL,,7,71%,10,70%,17,71%,,21,96%,24,86%,45,91%,,28,90%,34,82%,62,85%
2016,british columbia,1,2,1,None,None,ALL,,12,96%,8,78%,20,89%,,20,80%,23,82%,43,81%,,32,86%,31,81%,63,83%
2016,british columbia,1,3,2,None,None,ALL,,15,80%,15,95%,30,88%,,20,94%,14,95%,34,94%,,35,88%,29,95%,64,91%
2016,british columbia,1,6,3,None,None,ALL,,22,74%,19,78%,41,76%,,28,79%,19,86%,47,81%,,50,77%,38,82%,88,79%
2016,british columbia,1,7,4,None,None,ALL,,18,64%,15,83%,33,73%,,17,84%,14,89%,31,86%,,35,74%,29,86%,64,79%
2016,british columbia,1,8,5,None,None,ALL,,23,64%,11,86%,34,71%,,20,91%,26,85%,46,88%,,43,77%,37,85%,80,81%
2016,british columbia,1,9,6,None,None,ALL,,10,68%,15,73%,25,71%,,21,89%,24,88%,45,88%,,31,82%,39,82%,70,82%
2016,british columbia,1,11,7,None,None,ALL,,20,78%,10,83%,30,79%,,31,84%,27,100%,58,91%,,51,81%,37,95%,88,87%
2016,british columbia,1,12,8,None,None,ALL,,25,82%,15,63%,40,75%,,18,78%,22,74%,40,76%,,43,80%,37,70%,80,75%
2016,british columbia,1,14,9,None,None,ALL,,28,88%,13,71%,41,82%,,23,86%,23,91%,46,89%,,51,87%,36,84%,87,86%
2016,british columbia,1,15,10,None,None,ALL,,9,58%,27,84%,36,78%,,17,69%,26,84%,43,78%,,26,65%,53,84%,79,78%
2016,british columbia,1,17,11,None,None,ALL,,14,71%,14,59%,28,65%,,23,98%,25,100%,48,99%,,37,88%,39,85%,76,87%
2016,british columbia,1,18,12,None,None,ALL,,36,72%,20,69%,56,71%,,8,88%,14,82%,22,84%,,44,74%,34,74%,78,74%
2016,manitoba,2,2,1,None,None,ALL,,13,54%,26,60%,39,58%,,10,83%,29,72%,39,74%,,23,66%,55,66%,78,66%
2016,manitoba,2,4,2,None,None,ALL,,19,92%,20,93%,39,92%,,15,90%,21,89%,36,90%,,34,91%,41,91%,75,91%
2016,manitoba,2,6,3,None,None,ALL,,12,65%,23,80%,35,75%,,14,88%,15,97%,29,92%,,26,77%,38,87%,64,83%
2016,manitoba,2,7,4,None,None,ALL,,10,90%,17,71%,27,78%,,20,90%,17,78%,37,84%,,30,90%,34,74%,64,82%
2016,manitoba,2,8,5,None,None,ALL,,30,69%,22,80%,52,74%,,13,71%,15,67%,28,69%,,43,70%,37,74%,80,72%
2016,manitoba,2,9,6,None,None,ALL,,21,86%,18,99%,39,92%,,19,87%,20,88%,39,87%,,40,86%,38,93%,78,89%
2016,manitoba,2,12,7,None,None,ALL,,4,50%,28,68%,32,66%,,24,71%,24,75%,48,73%,,28,68%,52,71%,80,70%
2016,manitoba,2,13,8,None,None,ALL,,8,84%,20,88%,28,87%,,26,87%,26,86%,52,86%,,34,86%,46,86%,80,86%
2016,manitoba,2,14,9,None,None,ALL,,11,70%,39,84%,50,81%,,13,75%,25,79%,38,78%,,24,73%,64,82%,88,80%
2016,manitoba,2,15,10,None,None,ALL,,9,78%,42,86%,51,84%,,8,84%,21,75%,29,78%,,17,81%,63,82%,80,82%
2016,manitoba,2,16,11,None,None,ALL,,26,65%,23,77%,49,71%,,12,88%,19,92%,31,90%,,38,72%,42,84%,80,78%
2016,new brunswick,1,1,1,None,None,ALL,,12,79%,26,58%,38,64%,,13,79%,13,69%,26,74%,,25,79%,39,62%,64,68%
2016,new brunswick,1,2,2,None,None,ALL,,16,75%,28,69%,44,71%,,10,78%,8,97%,18,86%,,26,76%,36,75%,62,75%
2016,new brunswick,1,4,3,None,None,ALL,,27,72%,18,64%,45,69%,,8,44%,11,48%,19,46%,,35,66%,29,58%,64,62%
2016,new brunswick,1,6,4,None,None,ALL,,18,76%,26,71%,44,73%,,10,58%,33,80%,43,74%,,28,70%,59,76%,87,74%
2016,new brunswick,1,7,5,None,None,ALL,,8,69%,22,69%,30,69%,,21,69%,28,74%,49,72%,,29,69%,50,72%,79,71%
2016,new brunswick,1,8,6,None,None,ALL,,16,70%,16,91%,32,80%,,29,74%,18,76%,47,75%,,45,73%,34,83%,79,77%
2016,new brunswick,1,11,7,None,None,ALL,,18,61%,34,77%,52,72%,,14,63%,22,81%,36,74%,,32,62%,56,79%,88,72%
2016,new brunswick,1,13,8,None,None,ALL,,24,65%,22,61%,46,63%,,13,50%,13,60%,26,55%,,37,59%,35,61%,72,60%
2016,new brunswick,1,14,9,None,None,ALL,,21,68%,21,68%,42,68%,,14,82%,16,81%,30,82%,,35,74%,37,74%,72,74%
2016,new brunswick,1,15,10,None,None,ALL,,12,60%,22,81%,34,74%,,20,78%,24,71%,44,74%,,32,71%,46,76%,78,74%
2016,new brunswick,1,16,11,None,None,ALL,,21,54%,16,59%,37,56%,,13,62%,29,92%,42,83%,,34,57%,45,81%,79,70%
2016,new brunswick,1,17,12,None,None,ALL,,18,86%,39,75%,57,79%,,10,73%,9,72%,19,72%,,28,81%,48,74%,76,77%
2016,newfoundland & labrador,7,1,1,None,None,ALL,,14,77%,12,56%,26,67%,,20,59%,18,63%,38,61%,,34,66%,30,60%,64,63%
2016,newfoundland & labrador,7,2,2,None,None,ALL,,16,52%,24,55%,40,54%,,14,75%,10,73%,24,74%,,30,63%,34,60%,64,61%
2016,newfoundland & labrador,7,4,3,None,None,ALL,,15,77%,28,73%,43,74%,,14,71%,15,77%,29,74%,,29,74%,43,74%,72,74%
2016,newfoundland & labrador,7,6,4,None,None,ALL,,23,73%,22,55%,45,64%,,13,81%,18,71%,31,75%,,36,76%,40,62%,76,68%
2016,newfoundland & labrador,7,7,5,None,None,ALL,,27,56%,20,60%,47,58%,,7,86%,10,55%,17,68%,,34,63%,30,58%,64,61%
2016,newfoundland & labrador,7,8,6,None,None,ALL,,23,70%,33,56%,56,62%,,8,75%,16,52%,24,59%,,31,71%,49,55%,80,61%
2016,newfoundland & labrador,7,11,7,None,None,ALL,,20,65%,14,63%,34,64%,,18,56%,11,64%,29,59%,,38,61%,25,63%,63,62%
2016,newfoundland & labrador,7,12,8,None,None,ALL,,27,66%,32,74%,59,70%,,11,91%,10,83%,21,87%,,38,73%,42,76%,80,75%
2016,newfoundland & labrador,7,13,9,None,None,ALL,,18,75%,20,83%,38,79%,,13,71%,13,81%,26,76%,,31,73%,33,82%,64,78%
2016,northern ontario,5,2,1,None,None,ALL,,32,68%,19,58%,51,64%,,14,64%,15,72%,29,68%,,46,67%,34,64%,80,66%
2016,northern ontario,5,3,2,None,None,ALL,,19,71%,12,60%,31,67%,,18,72%,15,93%,33,82%,,37,72%,27,79%,64,75%
2016,northern ontario,5,5,3,None,None,ALL,,26,61%,16,52%,42,57%,,5,75%,16,48%,21,55%,,31,63%,32,50%,63,56%
2016,northern ontario,5,7,4,None,None,ALL,,17,65%,25,57%,42,60%,,16,64%,22,78%,38,72%,,33,64%,47,67%,80,66%
2016,northern ontario,5,8,5,None,None,ALL,,24,85%,12,71%,36,81%,,13,65%,15,83%,28,75%,,37,78%,27,78%,64,78%
2016,northern ontario,5,9,6,None,None,ALL,,18,78%,19,59%,37,68%,,13,85%,14,79%,27,81%,,31,81%,33,67%,64,74%
2016,northern ontario,5,12,7,None,None,ALL,,20,75%,30,77%,50,76%,,15,63%,13,77%,28,70%,,35,70%,43,77%,78,74%
2016,northern ontario,5,13,8,None,None,ALL,,19,76%,14,59%,33,69%,,18,90%,13,90%,31,90%,,37,83%,27,74%,64,79%
2016,northern ontario,5,15,9,None,None,ALL,,18,85%,21,67%,39,75%,,11,61%,14,77%,25,70%,,29,76%,35,71%,64,73%
2016,northwest territories,7,2,1,None,None,ALL,,16,38%,14,43%,30,40%,,11,43%,23,47%,34,46%,,27,40%,37,45%,64,43%
2016,northwest territories,7,4,2,None,None,ALL,,28,52%,15,55%,43,53%,,12,33%,9,67%,21,48%,,40,46%,24,59%,64,51%
2016,northwest territories,7,6,3,None,None,ALL,,15,60%,15,43%,30,52%,,19,68%,15,55%,34,63%,,34,65%,30,49%,64,57%
2016,northwest territories,7,7,4,None,None,ALL,,12,63%,21,54%,33,57%,,26,42%,5,45%,31,43%,,38,49%,26,52%,64,50%
2016,northwest territories,7,8,5,None,None,ALL,,15,32%,22,75%,37,57%,,24,56%,3,17%,27,52%,,39,47%,25,68%,64,55%
2016,northwest territories,7,9,6,None,None,ALL,,10,55%,32,48%,42,50%,,20,54%,2,50%,22,53%,,30,54%,34,49%,64,51%
2016,northwest territories,7,11,7,None,None,ALL,,24,73%,29,67%,53,70%,,15,60%,4,38%,19,55%,,39,68%,33,64%,72,66%
2016,northwest territories,7,12,8,None,None,ALL,,10,50%,27,69%,37,64%,,34,83%,9,67%,43,80%,,44,76%,36,69%,80,73%
2016,northwest territories,7,13,9,None,None,ALL,,11,50%,26,61%,37,57%,,24,77%,3,100%,27,80%,,35,69%,29,65%,64,67%
2016,nova scotia,2,1,1,None,None,ALL,,5,100%,16,84%,21,88%,,22,76%,33,73%,55,74%,,27,81%,49,77%,76,78%
2016,nova scotia,2,2,2,None,None,ALL,,5,70%,18,86%,23,83%,,29,81%,12,71%,41,78%,,34,79%,30,80%,64,80%
2016,nova scotia,2,3,3,None,None,ALL,,9,72%,31,87%,40,84%,,22,83%,16,83%,38,83%,,31,80%,47,86%,78,83%
2016,nova scotia,2,4,4,None,None,ALL,,20,81%,29,78%,49,80%,,15,88%,14,82%,29,85%,,35,84%,43,80%,78,82%
2016,nova scotia,2,6,5,None,None,ALL,,6,88%,20,83%,26,84%,,9,94%,29,85%,38,88%,,15,92%,49,84%,64,86%
2016,nova scotia,2,8,6,None,None,ALL,,14,64%,30,82%,44,76%,,16,91%,19,88%,35,89%,,30,78%,49,84%,79,82%
2016,nova scotia,2,11,7,None,None,ALL,,11,70%,26,81%,37,78%,,17,81%,15,80%,32,80%,,28,77%,41,80%,69,79%
2016,nova scotia,2,12,8,None,None,ALL,,4,69%,18,92%,22,88%,,24,83%,18,89%,42,86%,,28,81%,36,90%,64,86%
2016,nova scotia,2,14,9,None,None,ALL,,12,69%,28,79%,40,76%,,15,78%,16,77%,31,77%,,27,74%,44,78%,71,76%
2016,nova scotia,2,15,10,None,None,ALL,,5,70%,25,80%,30,78%,,14,96%,36,86%,50,89%,,19,89%,61,84%,80,85%
2016,nova scotia,2,18,11,None,None,ALL,,9,78%,22,72%,31,73%,,18,75%,28,75%,46,75%,,27,76%,50,74%,77,74%
2016,nunavut,6,1,1,None,None,ALL,,14,23%,25,50%,39,40%,,10,53%,14,64%,24,59%,,24,35%,39,55%,63,48%
2016,nunavut,6,2,2,None,None,ALL,,28,34%,18,28%,46,32%,,12,48%,6,58%,18,51%,,40,38%,24,35%,64,37%
2016,nunavut,6,3,3,None,None,ALL,,32,54%,9,22%,41,47%,,14,55%,9,56%,23,55%,,46,54%,18,39%,64,50%
2016,nunavut,6,4,4,None,None,ALL,,22,51%,24,61%,46,57%,,17,53%,1,0%,18,50%,,39,52%,25,59%,64,55%
2016,nunavut,6,7,5,None,None,ALL,,28,66%,22,48%,50,58%,,10,30%,4,63%,14,39%,,38,57%,26,50%,64,54%
2016,nunavut,6,9,6,None,None,ALL,,12,29%,25,41%,37,37%,,8,50%,19,50%,27,50%,,20,38%,44,45%,64,43%
2016,nunavut,6,11,7,None,None,ALL,,27,44%,18,53%,45,48%,,12,54%,7,54%,19,54%,,39,47%,25,53%,64,50%
2016,nunavut,6,13,8,None,None,ALL,,25,61%,15,77%,40,67%,,20,55%,20,63%,40,59%,,45,58%,35,69%,80,63%
2016,nunavut,6,14,9,None,None,ALL,,33,51%,3,58%,36,51%,,15,75%,12,58%,27,68%,,48,58%,15,58%,63,58%
2016,ontario,4,1,1,None,None,ALL,,22,80%,6,58%,28,75%,,18,65%,18,76%,36,71%,,40,73%,24,72%,64,73%
2016,ontario,4,3,2,None,None,ALL,,18,74%,27,90%,45,83%,,13,75%,20,76%,33,76%,,31,74%,47,84%,78,80%
2016,ontario,4,5,3,None,None,ALL,,17,65%,15,63%,32,64%,,14,77%,18,74%,32,75%,,31,70%,33,69%,64,70%
2016,ontario,4,7,4,None,None,ALL,,35,81%,6,42%,41,75%,,12,96%,9,86%,21,92%,,47,85%,15,68%,62,81%
2016,ontario,4,8,5,None,None,ALL,,37,64%,21,60%,58,62%,,8,66%,14,73%,22,70%,,45,64%,35,65%,80,64%
2016,ontario,4,9,6,None,None,ALL,,23,71%,17,59%,40,66%,,14,57%,18,68%,32,63%,,37,66%,35,64%,72,65%
2016,ontario,4,12,7,None,None,ALL,,25,74%,28,70%,53,72%,,7,79%,20,76%,27,77%,,32,75%,48,72%,80,73%
2016,ontario,4,13,8,None,None,ALL,,26,73%,10,55%,36,68%,,16,69%,20,75%,36,72%,,42,71%,30,68%,72,70%
2016,ontario,4,14,9,None,None,ALL,,24,70%,19,75%,43,72%,,10,73%,11,70%,21,71%,,34,71%,30,73%,64,72%
2016,ontario,4,15,10,None,None,ALL,,18,61%,14,73%,32,66%,,14,91%,23,83%,37,86%,,32,74%,37,79%,69,77%
2016,prince edward island,5,1,1,None,None,ALL,,28,71%,22,78%,50,75%,,12,85%,16,69%,28,76%,,40,76%,38,74%,78,75%
2016,prince edward island,5,3,2,None,None,ALL,,17,85%,8,81%,25,84%,,27,69%,26,84%,53,76%,,44,75%,34,83%,78,79%
2016,prince edward island,5,4,3,None,None,ALL,,15,78%,15,80%,30,79%,,26,72%,16,77%,42,74%,,41,74%,31,78%,72,76%
2016,prince edward island,5,5,4,None,None,ALL,,24,67%,13,60%,37,64%,,12,56%,15,57%,27,56%,,36,63%,28,58%,64,61%
2016,prince edward island,5,6,5,None,None,ALL,,32,75%,18,75%,50,75%,,15,68%,21,74%,36,72%,,47,73%,39,74%,86,74%
2016,prince edward island,5,9,6,None,None,ALL,,21,76%,6,79%,27,77%,,17,84%,20,73%,37,78%,,38,80%,26,74%,64,77%
2016,prince edward island,5,12,7,None,None,ALL,,21,75%,19,72%,40,74%,,21,77%,19,67%,40,73%,,42,76%,38,70%,80,73%
2016,prince edward island,5,13,8,None,None,ALL,,14,70%,24,74%,38,72%,,16,55%,24,63%,40,59%,,30,62%,48,68%,78,66%
2016,prince edward island,5,15,9,None,None,ALL,,9,83%,22,64%,31,69%,,20,64%,12,75%,32,68%,,29,70%,34,68%,63,69%
2016,quebec,4,1,1,None,None,ALL,,8,84%,18,79%,26,81%,,19,86%,16,78%,35,82%,,27,85%,34,79%,61,82%
2016,quebec,4,2,2,None,None,ALL,,17,63%,22,61%,39,62%,,13,60%,12,58%,25,59%,,30,62%,34,60%,64,61%
2016,quebec,4,3,3,None,None,ALL,,24,72%,28,87%,52,80%,,11,66%,9,67%,20,66%,,35,70%,37,82%,72,76%
2016,quebec,4,4,4,None,None,ALL,,20,70%,27,77%,47,74%,,19,72%,12,96%,31,81%,,39,71%,39,83%,78,77%
2016,quebec,4,7,5,None,None,ALL,,25,60%,19,66%,44,63%,,8,84%,12,79%,20,81%,,33,66%,31,71%,64,68%
2016,quebec,4,9,6,None,None,ALL,,15,70%,25,73%,40,72%,,14,71%,10,83%,24,76%,,29,71%,35,76%,64,73%
2016,quebec,4,11,7,None,None,ALL,,13,67%,24,57%,37,61%,,16,64%,17,76%,33,70%,,29,66%,41,65%,70,65%
2016,quebec,4,12,8,None,None,ALL,,30,73%,21,76%,51,74%,,14,71%,15,67%,29,69%,,44,72%,36,72%,80,72%
2016,quebec,4,14,9,None,None,ALL,,23,78%,17,54%,40,68%,,20,85%,12,63%,32,77%,,43,81%,29,58%,72,72%
2016,quebec,4,15,10,None,None,ALL,,33,67%,18,60%,51,64%,,6,71%,15,80%,21,77%,,39,67%,33,69%,72,68%
2016,saskatchewan,3,1,1,None,None,ALL,,10,65%,20,85%,30,78%,,12,90%,17,88%,29,89%,,22,78%,37,86%,59,83%
2016,saskatchewan,3,2,2,None,None,ALL,,20,60%,16,72%,36,65%,,15,67%,13,85%,28,75%,,35,63%,29,78%,64,70%
2016,saskatchewan,3,3,3,None,None,ALL,,20,75%,27,89%,47,83%,,17,60%,16,77%,33,68%,,37,68%,43,84%,80,77%
2016,saskatchewan,3,4,4,None,None,ALL,,19,71%,21,82%,40,77%,,20,75%,20,89%,40,82%,,39,73%,41,85%,80,79%
2016,saskatchewan,3,6,5,None,None,ALL,,9,69%,32,76%,41,74%,,9,61%,25,84%,34,78%,,18,65%,57,79%,75,76%
2016,saskatchewan,3,8,6,None,None,ALL,,14,75%,28,83%,42,80%,,16,77%,21,70%,37,73%,,30,76%,49,78%,79,77%
2016,saskatchewan,3,11,7,None,None,ALL,,18,46%,36,57%,54,53%,,21,74%,13,73%,34,74%,,39,61%,49,61%,88,61%
2016,saskatchewan,3,13,8,None,None,ALL,,23,65%,35,73%,58,70%,,7,50%,15,85%,22,74%,,30,62%,50,77%,80,71%
2016,saskatchewan,3,14,9,None,None,ALL,,19,64%,29,60%,48,62%,,16,72%,8,69%,24,71%,,35,68%,37,62%,72,65%
2016,saskatchewan,3,15,10,None,None,ALL,,15,85%,23,87%,38,86%,,17,82%,9,83%,26,83%,,32,84%,32,86%,64,85%
2016,yukon,6,1,1,None,None,ALL,,31,69%,18,51%,49,63%,,9,39%,6,42%,15,40%,,40,63%,24,49%,64,57%
2016,yukon,6,3,2,None,None,ALL,,23,63%,11,52%,34,60%,,17,51%,13,75%,30,62%,,40,58%,24,65%,64,61%
2016,yukon,6,6,3,None,None,ALL,,11,55%,29,53%,40,54%,,8,78%,16,42%,24,54%,,19,64%,45,49%,64,54%
2016,yukon,6,7,4,None,None,ALL,,19,50%,9,47%,28,49%,,24,42%,12,40%,36,41%,,43,45%,21,43%,64,45%
2016,yukon,6,8,5,None,None,ALL,,29,59%,24,49%,53,55%,,12,75%,15,62%,27,68%,,41,64%,39,54%,80,59%
2016,yukon,6,9,6,None,None,ALL,,32,70%,15,53%,47,64%,,11,64%,6,67%,17,65%,,43,68%,21,57%,64,64%
2016,yukon,6,11,7,None,None,ALL,,26,65%,22,59%,48,63%,,14,48%,10,43%,24,46%,,40,59%,32,54%,72,57%
2016,yukon,6,13,8,None,None,ALL,,30,72%,23,61%,53,67%,,7,96%,4,75%,11,89%,,37,76%,27,63%,64,71%
2016,yukon,6,14,9,None,None,ALL,,37,48%,11,43%,48,47%,,11,39%,5,50%,16,42%,,48,46%,16,45%,64,46%